{"$schema":"http://schema.management.azure.com/schemas/2015-01-01/deploymentTemplate.json#","contentVersion":"1.0.0.0","parameters":{"factoryName":{"type":"string","metadata":"Data Factory name"},"LinkedServiceSourceSQL":{"type":"string"},"LinkedServiceDataLake":{"type":"string"}},"variables":{"factoryId":"[concat('Microsoft.DataFactory/factories/', parameters('factoryName'))]"},"resources":[{"name":"[concat(parameters('factoryName'), '/IncrementalData')]","type":"Microsoft.DataFactory/factories/pipelines","apiVersion":"2018-06-01","properties":{"activities":[{"name":"LastLoadDate","type":"Lookup","dependsOn":[],"policy":{"timeout":"0.12:00:00","retry":0,"retryIntervalInSeconds":30,"secureOutput":false,"secureInput":false},"userProperties":[],"typeProperties":{"source":{"type":"AzureSqlSource","sqlReaderQuery":"Select * from LookUp_Date","queryTimeout":"02:00:00","partitionOption":"None"},"dataset":{"referenceName":"SourceSQLDB","type":"DatasetReference","parameters":{"TableName":"LookUp_Date"}},"firstRowOnly":false}},{"name":"MaxLoadDate","type":"Lookup","dependsOn":[],"policy":{"timeout":"0.12:00:00","retry":0,"retryIntervalInSeconds":30,"secureOutput":false,"secureInput":false},"userProperties":[],"typeProperties":{"source":{"type":"AzureSqlSource","sqlReaderQuery":"Select max(Date_ID) as MaxDate from CarData","queryTimeout":"02:00:00","partitionOption":"None"},"dataset":{"referenceName":"SourceSQLDB","type":"DatasetReference","parameters":{"TableName":"CarData"}},"firstRowOnly":false}},{"name":"GetIncData","type":"Copy","dependsOn":[{"activity":"LastLoadDate","dependencyConditions":["Succeeded"]},{"activity":"MaxLoadDate","dependencyConditions":["Succeeded"]}],"policy":{"timeout":"0.12:00:00","retry":0,"retryIntervalInSeconds":30,"secureOutput":false,"secureInput":false},"userProperties":[],"typeProperties":{"source":{"type":"AzureSqlSource","sqlReaderQuery":{"value":"SELECT * FROM CarData where Date_ID > '@{activity('LastLoadDate').output.value[0].LastLoadDate}'\nAND Date_ID <= '@{activity('MaxLoadDate').output.value[0].MaxDate}'","type":"Expression"},"queryTimeout":"02:00:00","partitionOption":"None"},"sink":{"type":"ParquetSink","storeSettings":{"type":"AzureBlobFSWriteSettings"},"formatSettings":{"type":"ParquetWriteSettings"}},"enableStaging":false,"translator":{"type":"TabularTranslator","typeConversion":true,"typeConversionSettings":{"allowDataTruncation":true,"treatBooleanAsNumber":false}}},"inputs":[{"referenceName":"SourceSQLDB","type":"DatasetReference","parameters":{"TableName":"CarData"}}],"outputs":[{"referenceName":"RawDataBronze","type":"DatasetReference","parameters":{}}]},{"name":"LastLoad DateUpdate","type":"SqlServerStoredProcedure","dependsOn":[{"activity":"GetIncData","dependencyConditions":["Succeeded"]}],"policy":{"timeout":"0.12:00:00","retry":0,"retryIntervalInSeconds":30,"secureOutput":false,"secureInput":false},"userProperties":[],"typeProperties":{"storedProcedureName":"[[dbo].[UpdateLookUpTable]","storedProcedureParameters":{"LoadDate":{"value":{"value":"@activity('MaxLoadDate').output.value[0].MaxDate","type":"Expression"},"type":"String"}}},"linkedServiceName":{"referenceName":"[parameters('LinkedServiceSourceSQL')]","type":"LinkedServiceReference"}}],"policy":{"elapsedTimeMetric":{}},"annotations":[],"lastPublishTime":"2025-03-04T11:26:24Z"},"dependsOn":["[concat(variables('factoryId'), '/datasets/SourceSQLDB')]","[concat(variables('factoryId'), '/datasets/RawDataBronze')]"]},{"name":"[concat(parameters('factoryName'), '/SourceSQLDB')]","type":"Microsoft.DataFactory/factories/datasets","apiVersion":"2018-06-01","properties":{"linkedServiceName":{"referenceName":"[parameters('LinkedServiceSourceSQL')]","type":"LinkedServiceReference"},"parameters":{"TableName":{"type":"string"}},"annotations":[],"type":"AzureSqlTable","schema":[],"typeProperties":{"schema":"dbo","table":{"value":"@dataset().TableName","type":"Expression"}}},"dependsOn":[]},{"name":"[concat(parameters('factoryName'), '/RawDataBronze')]","type":"Microsoft.DataFactory/factories/datasets","apiVersion":"2018-06-01","properties":{"linkedServiceName":{"referenceName":"[parameters('LinkedServiceDataLake')]","type":"LinkedServiceReference"},"annotations":[],"type":"Parquet","typeProperties":{"location":{"type":"AzureBlobFSLocation","folderPath":"RawData","fileSystem":"bronze"},"compressionCodec":"snappy"},"schema":[]},"dependsOn":[]}]}